broncos_texans_dolphins_,1,2953.376,30.53376
broncos_texans_giants_,1,1807.68351648,19.0768351648
broncos_titans_dolphins_,1,2092.19363057,21.9219363057
broncos_titans_giants_,1,1269.63533282,13.6963533282
chiefs_texans_dolphins_,1,566.411428571,6.66411428571
chiefs_texans_giants_,1,316.359497645,4.16359497645
chiefs_titans_dolphins_,1,378.454959054,4.78454959054
chiefs_titans_giants_,1,198.928346449,2.98928346449
